vendor_id,vendor_info
1,"Vendor: Decoraciones Elegantes (Servicio de diseño de interiores para eventos corporativos y sociales.), Location: San José, Escazú, Labels: Decoración bodas, eventos temáticos, centros de mesa personalizados, diseño de ambientes, decoraciones elegantes, Category: Decoración (Servicios de decoración para eventos corporativos y sociales.), Service: Diseño de interiores para eventos (Especialistas en la decoración de eventos corporativos y sociales. Ofrecemos diseños personalizados para bodas, cumpleaños, y eventos temáticos. Trabajamos con materiales de alta calidad y un equipo creativo que garantiza un ambiente inolvidable.), Available: b'\x01', Vendor: Decoraciones Elegantes (Servicio de instalación de adornos florales para eventos.), Location: San José, Escazú, Labels: Decoración bodas, eventos temáticos, centros de mesa personalizados, diseño de ambientes, decoraciones elegantes, Category: Decoración (Servicios de decoración para eventos corporativos y sociales.), Service: Instalación de adornos florales (Especialistas en la decoración de eventos corporativos y sociales. Ofrecemos diseños personalizados para bodas, cumpleaños, y eventos temáticos. Trabajamos con materiales de alta calidad y un equipo creativo que garantiza un ambiente inolvidable.), Available: b'\x01', Vendor: Decoraciones Elegantes (Servicio de diseño de iluminación ambiental para eventos.), Location: San José, Escazú, Labels: Decoración bodas, eventos temáticos, centros de mesa personalizados, diseño de ambientes, decoraciones elegantes, Category: Decoración (Servicios de decoración para eventos corporativos y sociales.), Service: Diseño de iluminación ambiental (Especialistas en la decoración de eventos corporativos y sociales. Ofrecemos diseños personalizados para bodas, cumpleaños, y eventos temáticos. Trabajamos con materiales de alta calidad y un equipo creativo que garantiza un ambiente inolvidable.), Available: b'\x01'"
10,"Vendor: Animación Divertida (Servicio de animación para niños en eventos.), Location: Cartago, Central, Labels: animación eventos, entretenimiento, animadores profesionales, diversión garantizada, animación divertida, Category: Animación (Servicios de animación y entretenimiento para eventos.), Service: Animación para niños (Proveemos servicios de animación y entretenimiento para eventos. Contamos con un equipo de animadores profesionales que garantizan diversión y entretenimiento para todos los asistentes.), Available: b'\x01', Vendor: Animación Divertida (Servicio de entretenimiento para adultos en eventos.), Location: Cartago, Central, Labels: animación eventos, entretenimiento, animadores profesionales, diversión garantizada, animación divertida, Category: Animación (Servicios de animación y entretenimiento para eventos.), Service: Entretenimiento para adultos (Proveemos servicios de animación y entretenimiento para eventos. Contamos con un equipo de animadores profesionales que garantizan diversión y entretenimiento para todos los asistentes.), Available: b'\x01'"
11,"Vendor: Bebidas Exquisitas (Servicio de coctelería personalizada para eventos.), Location: San José, Central, Labels: bebidas eventos, coctelería, bartenders profesionales, cocteles personalizados, bebidas exquisitas, Category: Bebidas (Servicios de bebidas y coctelería para eventos.), Service: Coctelería personalizada (Ofrecemos servicios de bebidas y coctelería para eventos. Contamos con bartenders profesionales que preparan cocteles personalizados y de alta calidad.), Available: b'\x01', Vendor: Bebidas Exquisitas (Servicio de barra libre para eventos.), Location: San José, Central, Labels: bebidas eventos, coctelería, bartenders profesionales, cocteles personalizados, bebidas exquisitas, Category: Bebidas (Servicios de bebidas y coctelería para eventos.), Service: Barra libre (Ofrecemos servicios de bebidas y coctelería para eventos. Contamos con bartenders profesionales que preparan cocteles personalizados y de alta calidad.), Available: b'\x01'"
12,"Vendor: Juegos Divertidos (Servicio de juegos inflables para eventos.), Location: Heredia, Central, Labels: juegos eventos, entretenimiento, diversión garantizada, juegos para todas las edades, juegos divertidos, Category: Juegos (Servicios de juegos y entretenimiento para eventos.), Service: Juegos inflables (Proveemos servicios de juegos y entretenimiento para eventos. Contamos con una variedad de juegos para todas las edades, garantizando diversión para todos los asistentes.), Available: b'\x01', Vendor: Juegos Divertidos (Servicio de juegos de mesa para eventos.), Location: Heredia, Central, Labels: juegos eventos, entretenimiento, diversión garantizada, juegos para todas las edades, juegos divertidos, Category: Juegos (Servicios de juegos y entretenimiento para eventos.), Service: Juegos de mesa (Proveemos servicios de juegos y entretenimiento para eventos. Contamos con una variedad de juegos para todas las edades, garantizando diversión para todos los asistentes.), Available: b'\x01'"
13,"Vendor: Vestuario Elegante (Servicio de alquiler de disfraces para eventos.), Location: Cartago, Central, Labels: vestuario eventos, disfraces, trajes de alta calidad, vestuario elegante, eventos especiales, Category: Vestuario (Servicios de vestuario y disfraces para eventos.), Service: Alquiler de disfraces (Ofrecemos servicios de vestuario y disfraces para eventos. Contamos con una amplia variedad de trajes y disfraces de alta calidad para cualquier ocasión.), Available: b'\x01', Vendor: Vestuario Elegante (Servicio de diseño de trajes para eventos.), Location: Cartago, Central, Labels: vestuario eventos, disfraces, trajes de alta calidad, vestuario elegante, eventos especiales, Category: Vestuario (Servicios de vestuario y disfraces para eventos.), Service: Diseño de trajes (Ofrecemos servicios de vestuario y disfraces para eventos. Contamos con una amplia variedad de trajes y disfraces de alta calidad para cualquier ocasión.), Available: b'\x01'"
14,"Vendor: Invitaciones Creativas (Servicio de diseño de invitaciones para eventos.), Location: Alajuela, Central, Labels: invitaciones eventos, diseño personalizado, invitaciones únicas, estilo y tema, invitaciones creativas, Category: Invitaciones (Servicios de diseño y envío de invitaciones para eventos.), Service: Diseño de invitaciones (Proveemos servicios de diseño y envío de invitaciones para eventos. Creamos invitaciones personalizadas y únicas que reflejan el estilo y tema del evento.), Available: b'\x01', Vendor: Invitaciones Creativas (Servicio de envío de invitaciones para eventos.), Location: Alajuela, Central, Labels: invitaciones eventos, diseño personalizado, invitaciones únicas, estilo y tema, invitaciones creativas, Category: Invitaciones (Servicios de diseño y envío de invitaciones para eventos.), Service: Envío de invitaciones (Proveemos servicios de diseño y envío de invitaciones para eventos. Creamos invitaciones personalizadas y únicas que reflejan el estilo y tema del evento.), Available: b'\x01'"
15,"Vendor: Recuerdos Memorables (Servicio de creación de recuerdos personalizados para eventos.), Location: Puntarenas, Central, Labels: recuerdos eventos, personalizados, recuerdos únicos, impresión duradera, recuerdos memorables, Category: Recuerdos (Servicios de creación de recuerdos personalizados para eventos.), Service: Creación de recuerdos (Ofrecemos servicios de creación de recuerdos personalizados para eventos. Diseñamos y fabricamos recuerdos únicos que dejarán una impresión duradera en los invitados.), Available: b'\x01', Vendor: Recuerdos Memorables (Servicio de fabricación de recuerdos únicos para eventos.), Location: Puntarenas, Central, Labels: recuerdos eventos, personalizados, recuerdos únicos, impresión duradera, recuerdos memorables, Category: Recuerdos (Servicios de creación de recuerdos personalizados para eventos.), Service: Fabricación de recuerdos (Ofrecemos servicios de creación de recuerdos personalizados para eventos. Diseñamos y fabricamos recuerdos únicos que dejarán una impresión duradera en los invitados.), Available: b'\x01'"
16,"Vendor: Bebidas Exquisitas (Servicio de coctelería personalizada para eventos.), Location: San José, Central, Labels: bebidas eventos, coctelería, bartenders profesionales, cocteles personalizados, bebidas exquisitas, Category: Bebidas (Servicios de bebidas y coctelería para eventos.), Service: Coctelería personalizada (Ofrecemos servicios de bebidas y coctelería para eventos. Contamos con bartenders profesionales que preparan cocteles personalizados y de alta calidad.), Available: b'\x01', Vendor: Bebidas Exquisitas (Servicio de barra libre para eventos.), Location: San José, Central, Labels: bebidas eventos, coctelería, bartenders profesionales, cocteles personalizados, bebidas exquisitas, Category: Bebidas (Servicios de bebidas y coctelería para eventos.), Service: Barra libre (Ofrecemos servicios de bebidas y coctelería para eventos. Contamos con bartenders profesionales que preparan cocteles personalizados y de alta calidad.), Available: b'\x01'"
17,"Vendor: Juegos Divertidos (Servicio de juegos inflables para eventos.), Location: Heredia, Central, Labels: juegos eventos, entretenimiento, diversión garantizada, juegos para todas las edades, juegos divertidos, Category: Juegos (Servicios de juegos y entretenimiento para eventos.), Service: Juegos inflables (Proveemos servicios de juegos y entretenimiento para eventos. Contamos con una variedad de juegos para todas las edades, garantizando diversión para todos los asistentes.), Available: b'\x01', Vendor: Juegos Divertidos (Servicio de juegos de mesa para eventos.), Location: Heredia, Central, Labels: juegos eventos, entretenimiento, diversión garantizada, juegos para todas las edades, juegos divertidos, Category: Juegos (Servicios de juegos y entretenimiento para eventos.), Service: Juegos de mesa (Proveemos servicios de juegos y entretenimiento para eventos. Contamos con una variedad de juegos para todas las edades, garantizando diversión para todos los asistentes.), Available: b'\x01'"
18,"Vendor: Vestuario Elegante (Servicio de alquiler de disfraces para eventos.), Location: Cartago, Central, Labels: vestuario eventos, disfraces, trajes de alta calidad, vestuario elegante, eventos especiales, Category: Vestuario (Servicios de vestuario y disfraces para eventos.), Service: Alquiler de disfraces (Ofrecemos servicios de vestuario y disfraces para eventos. Contamos con una amplia variedad de trajes y disfraces de alta calidad para cualquier ocasión.), Available: b'\x01', Vendor: Vestuario Elegante (Servicio de diseño de trajes para eventos.), Location: Cartago, Central, Labels: vestuario eventos, disfraces, trajes de alta calidad, vestuario elegante, eventos especiales, Category: Vestuario (Servicios de vestuario y disfraces para eventos.), Service: Diseño de trajes (Ofrecemos servicios de vestuario y disfraces para eventos. Contamos con una amplia variedad de trajes y disfraces de alta calidad para cualquier ocasión.), Available: b'\x01'"
19,"Vendor: Invitaciones Creativas (Servicio de diseño de invitaciones para eventos.), Location: Alajuela, Central, Labels: invitaciones eventos, diseño personalizado, invitaciones únicas, estilo y tema, invitaciones creativas, Category: Invitaciones (Servicios de diseño y envío de invitaciones para eventos.), Service: Diseño de invitaciones (Proveemos servicios de diseño y envío de invitaciones para eventos. Creamos invitaciones personalizadas y únicas que reflejan el estilo y tema del evento.), Available: b'\x01', Vendor: Invitaciones Creativas (Servicio de envío de invitaciones para eventos.), Location: Alajuela, Central, Labels: invitaciones eventos, diseño personalizado, invitaciones únicas, estilo y tema, invitaciones creativas, Category: Invitaciones (Servicios de diseño y envío de invitaciones para eventos.), Service: Envío de invitaciones (Proveemos servicios de diseño y envío de invitaciones para eventos. Creamos invitaciones personalizadas y únicas que reflejan el estilo y tema del evento.), Available: b'\x01'"
2,"Vendor: Ritmo Vivo (Servicio de presentación musical en vivo para eventos.), Location: Heredia, Santo Domingo, Labels: música en vivo, banda de jazz, música para bodas, música tropical, entretenimiento musical, Category: Música (Servicios de música en vivo y DJ para eventos.), Service: Presentación musical en vivo (Una banda profesional de músicos especializados en eventos corporativos, bodas, y festivales. Contamos con un repertorio diverso que incluye jazz, pop, rock y música tropical. Personalizamos el setlist según el gusto de los clientes.), Available: b'\x01', Vendor: Ritmo Vivo (Servicio de alquiler de equipo de sonido para eventos.), Location: Heredia, Santo Domingo, Labels: música en vivo, banda de jazz, música para bodas, música tropical, entretenimiento musical, Category: Música (Servicios de música en vivo y DJ para eventos.), Service: Alquiler de equipo de sonido (Una banda profesional de músicos especializados en eventos corporativos, bodas, y festivales. Contamos con un repertorio diverso que incluye jazz, pop, rock y música tropical. Personalizamos el setlist según el gusto de los clientes.), Available: b'\x01', Vendor: Ritmo Vivo (Servicio de DJ para eventos.), Location: Heredia, Santo Domingo, Labels: música en vivo, banda de jazz, música para bodas, música tropical, entretenimiento musical, Category: Música (Servicios de música en vivo y DJ para eventos.), Service: Servicio de DJ (Una banda profesional de músicos especializados en eventos corporativos, bodas, y festivales. Contamos con un repertorio diverso que incluye jazz, pop, rock y música tropical. Personalizamos el setlist según el gusto de los clientes.), Available: b'\x01'"
20,"Vendor: Recuerdos Memorables (Servicio de creación de recuerdos personalizados para eventos.), Location: Puntarenas, Central, Labels: recuerdos eventos, personalizados, recuerdos únicos, impresión duradera, recuerdos memorables, Category: Recuerdos (Servicios de creación de recuerdos personalizados para eventos.), Service: Creación de recuerdos (Ofrecemos servicios de creación de recuerdos personalizados para eventos. Diseñamos y fabricamos recuerdos únicos que dejarán una impresión duradera en los invitados.), Available: b'\x01', Vendor: Recuerdos Memorables (Servicio de fabricación de recuerdos únicos para eventos.), Location: Puntarenas, Central, Labels: recuerdos eventos, personalizados, recuerdos únicos, impresión duradera, recuerdos memorables, Category: Recuerdos (Servicios de creación de recuerdos personalizados para eventos.), Service: Fabricación de recuerdos (Ofrecemos servicios de creación de recuerdos personalizados para eventos. Diseñamos y fabricamos recuerdos únicos que dejarán una impresión duradera en los invitados.), Available: b'\x01'"
21,"Vendor: Pasteles Deliciosos (Servicio de pasteles personalizados para eventos.), Location: San José, Central, Labels: pasteles eventos, repostería, pasteles personalizados, alta calidad, pasteles deliciosos, Category: Pasteles (Servicios de pastelería y repostería para eventos.), Service: Pasteles personalizados (Ofrecemos servicios de pastelería y repostería para eventos. Nuestros pasteles son personalizados y de alta calidad.), Available: b'\x01', Vendor: Pasteles Deliciosos (Servicio de repostería fina para eventos.), Location: San José, Central, Labels: pasteles eventos, repostería, pasteles personalizados, alta calidad, pasteles deliciosos, Category: Pasteles (Servicios de pastelería y repostería para eventos.), Service: Repostería fina (Ofrecemos servicios de pastelería y repostería para eventos. Nuestros pasteles son personalizados y de alta calidad.), Available: b'\x00'"
22,"Vendor: Planificación Perfecta (Servicio de planificación integral para eventos.), Location: Heredia, Central, Labels: planificación eventos, organización, detalles, éxito, planificación perfecta, Category: Planificación (Servicios de planificación y organización de eventos.), Service: Planificación integral (Proveemos servicios de planificación y organización de eventos. Nos encargamos de todos los detalles para que tu evento sea un éxito.), Available: b'\x01', Vendor: Planificación Perfecta (Servicio de organización de eventos.), Location: Heredia, Central, Labels: planificación eventos, organización, detalles, éxito, planificación perfecta, Category: Planificación (Servicios de planificación y organización de eventos.), Service: Organización de eventos (Proveemos servicios de planificación y organización de eventos. Nos encargamos de todos los detalles para que tu evento sea un éxito.), Available: b'\x00'"
23,"Vendor: Coordinación Eficiente (Servicio de coordinación de eventos.), Location: Cartago, Central, Labels: coordinación eventos, gestión, equipo eficiente, planificación, coordinación eficiente, Category: Coordinación (Servicios de coordinación y gestión de eventos.), Service: Coordinación de eventos (Ofrecemos servicios de coordinación y gestión de eventos. Nuestro equipo se asegura de que todo salga según lo planeado.), Available: b'\x01', Vendor: Coordinación Eficiente (Servicio de gestión de eventos.), Location: Cartago, Central, Labels: coordinación eventos, gestión, equipo eficiente, planificación, coordinación eficiente, Category: Coordinación (Servicios de coordinación y gestión de eventos.), Service: Gestión de eventos (Ofrecemos servicios de coordinación y gestión de eventos. Nuestro equipo se asegura de que todo salga según lo planeado.), Available: b'\x00'"
24,"Vendor: Publicidad Impactante (Servicio de campañas publicitarias para eventos.), Location: Alajuela, Central, Labels: publicidad eventos, promoción, campañas publicitarias, audiencia, publicidad impactante, Category: Publicidad (Servicios de publicidad y promoción para eventos.), Service: Campañas publicitarias (Proveemos servicios de publicidad y promoción para eventos. Creamos campañas publicitarias que captan la atención de tu audiencia.), Available: b'\x01', Vendor: Publicidad Impactante (Servicio de promoción de eventos.), Location: Alajuela, Central, Labels: publicidad eventos, promoción, campañas publicitarias, audiencia, publicidad impactante, Category: Publicidad (Servicios de publicidad y promoción para eventos.), Service: Promoción de eventos (Proveemos servicios de publicidad y promoción para eventos. Creamos campañas publicitarias que captan la atención de tu audiencia.), Available: b'\x00'"
25,"Vendor: Marketing Estratégico (Servicio de estrategias de marketing para eventos.), Location: Puntarenas, Central, Labels: marketing eventos, estrategias, planes de marketing, éxito, marketing estratégico, Category: Marketing (Servicios de marketing y estrategias para eventos.), Service: Estrategias de marketing (Ofrecemos servicios de marketing y estrategias para eventos. Desarrollamos planes de marketing que aseguran el éxito de tu evento.), Available: b'\x01', Vendor: Marketing Estratégico (Servicio de planes de marketing para eventos.), Location: Puntarenas, Central, Labels: marketing eventos, estrategias, planes de marketing, éxito, marketing estratégico, Category: Marketing (Servicios de marketing y estrategias para eventos.), Service: Planes de marketing (Ofrecemos servicios de marketing y estrategias para eventos. Desarrollamos planes de marketing que aseguran el éxito de tu evento.), Available: b'\x00'"
26,"Vendor: Diseño Gráfico Creativo (Servicio de diseño de logotipos para eventos.), Location: San José, Central, Labels: diseño gráfico eventos, diseños únicos, personalizados, creatividad, diseño gráfico creativo, Category: Diseño gráfico (Servicios de diseño gráfico para eventos.), Service: Diseño de logotipos (Ofrecemos servicios de diseño gráfico para eventos. Creamos diseños únicos y personalizados que capturan la esencia de tu evento.), Available: b'\x01', Vendor: Diseño Gráfico Creativo (Servicio de diseño de folletos para eventos.), Location: San José, Central, Labels: diseño gráfico eventos, diseños únicos, personalizados, creatividad, diseño gráfico creativo, Category: Diseño gráfico (Servicios de diseño gráfico para eventos.), Service: Diseño de folletos (Ofrecemos servicios de diseño gráfico para eventos. Creamos diseños únicos y personalizados que capturan la esencia de tu evento.), Available: b'\x00'"
27,"Vendor: Redes Sociales Efectivas (Servicio de gestión de Facebook para eventos.), Location: Heredia, Central, Labels: redes sociales eventos, gestión, visibilidad, alcance, redes sociales efectivas, Category: Redes sociales (Servicios de gestión de redes sociales para eventos.), Service: Gestión de Facebook (Proveemos servicios de gestión de redes sociales para eventos. Aumentamos la visibilidad y el alcance de tu evento en las plataformas sociales.), Available: b'\x01', Vendor: Redes Sociales Efectivas (Servicio de gestión de Instagram para eventos.), Location: Heredia, Central, Labels: redes sociales eventos, gestión, visibilidad, alcance, redes sociales efectivas, Category: Redes sociales (Servicios de gestión de redes sociales para eventos.), Service: Gestión de Instagram (Proveemos servicios de gestión de redes sociales para eventos. Aumentamos la visibilidad y el alcance de tu evento en las plataformas sociales.), Available: b'\x00'"
28,"Vendor: Producción de Video (Servicio de filmación de eventos.), Location: Cartago, Central, Labels: producción de video eventos, momentos importantes, recuerdos inolvidables, producción de video, Category: Video (Servicios de producción de video para eventos.), Service: Filmación de eventos (Ofrecemos servicios de producción de video para eventos. Capturamos los momentos más importantes y los transformamos en recuerdos inolvidables.), Available: b'\x01', Vendor: Producción de Video (Servicio de edición de video para eventos.), Location: Cartago, Central, Labels: producción de video eventos, momentos importantes, recuerdos inolvidables, producción de video, Category: Video (Servicios de producción de video para eventos.), Service: Edición de video (Ofrecemos servicios de producción de video para eventos. Capturamos los momentos más importantes y los transformamos en recuerdos inolvidables.), Available: b'\x00'"
29,"Vendor: Streaming en Vivo (Servicio de transmisión en vivo para eventos.), Location: Alajuela, Central, Labels: streaming eventos, transmisión en vivo, alta calidad, sin interrupciones, streaming en vivo, Category: Video (Servicios de producción de video para eventos.), Service: Transmisión en vivo (Proveemos servicios de streaming y transmisión en vivo para eventos. Aseguramos una transmisión de alta calidad y sin interrupciones.), Available: b'\x01', Vendor: Streaming en Vivo (Servicio de streaming de alta calidad para eventos.), Location: Alajuela, Central, Labels: streaming eventos, transmisión en vivo, alta calidad, sin interrupciones, streaming en vivo, Category: Video (Servicios de producción de video para eventos.), Service: Streaming de alta calidad (Proveemos servicios de streaming y transmisión en vivo para eventos. Aseguramos una transmisión de alta calidad y sin interrupciones.), Available: b'\x00'"
3,"Vendor: Captura Perfecta (Servicio de cobertura fotográfica completa para eventos.), Location: Cartago, Paraíso, Labels: fotografía profesional, video eventos, álbum personalizado, fotos alta calidad, momentos inolvidables, Category: Fotografía (Servicios de fotografía y video para eventos.), Service: Cobertura fotográfica completa para eventos (Estudio de fotografía profesional con 10 años de experiencia en capturar los momentos más importantes de bodas, eventos sociales y corporativos. Usamos tecnología de última generación para ofrecer fotos y videos de alta calidad.), Available: b'\x01', Vendor: Captura Perfecta (Servicio de sesión de fotos pre-evento.), Location: Cartago, Paraíso, Labels: fotografía profesional, video eventos, álbum personalizado, fotos alta calidad, momentos inolvidables, Category: Fotografía (Servicios de fotografía y video para eventos.), Service: Sesión de fotos pre-evento (Estudio de fotografía profesional con 10 años de experiencia en capturar los momentos más importantes de bodas, eventos sociales y corporativos. Usamos tecnología de última generación para ofrecer fotos y videos de alta calidad.), Available: b'\x01', Vendor: Captura Perfecta (Servicio de edición y creación de álbum personalizado.), Location: Cartago, Paraíso, Labels: fotografía profesional, video eventos, álbum personalizado, fotos alta calidad, momentos inolvidables, Category: Fotografía (Servicios de fotografía y video para eventos.), Service: Edición y álbum personalizado (Estudio de fotografía profesional con 10 años de experiencia en capturar los momentos más importantes de bodas, eventos sociales y corporativos. Usamos tecnología de última generación para ofrecer fotos y videos de alta calidad.), Available: b'\x01'"
30,"Vendor: Conferencias Profesionales (Servicio de organización de conferencias para eventos.), Location: Puntarenas, Central, Labels: conferencias eventos, seminarios, organización, detalles, conferencias profesionales, Category: Video (Servicios de producción de video para eventos.), Service: Organización de conferencias (Ofrecemos servicios de organización de conferencias y seminarios. Nos encargamos de todos los detalles para que tu evento sea un éxito.), Available: b'\x01', Vendor: Conferencias Profesionales (Servicio de gestión de seminarios para eventos.), Location: Puntarenas, Central, Labels: conferencias eventos, seminarios, organización, detalles, conferencias profesionales, Category: Video (Servicios de producción de video para eventos.), Service: Gestión de seminarios (Ofrecemos servicios de organización de conferencias y seminarios. Nos encargamos de todos los detalles para que tu evento sea un éxito.), Available: b'\x00'"
31,"Vendor: Decoraciones Elegantes (Servicio de decoración temática para eventos.), Location: San José, Central, Labels: decoración eventos, ambientes únicos, memorables, decoraciones elegantes, Category: Alquiler de equipos (Servicios de alquiler de equipos para eventos.), Service: Decoración temática (Ofrecemos servicios de decoración para eventos, creando ambientes únicos y memorables.), Available: b'\x01', Vendor: Decoraciones Elegantes (Servicio de decoración floral para eventos.), Location: San José, Central, Labels: decoración eventos, ambientes únicos, memorables, decoraciones elegantes, Category: Alquiler de equipos (Servicios de alquiler de equipos para eventos.), Service: Decoración floral (Ofrecemos servicios de decoración para eventos, creando ambientes únicos y memorables.), Available: b'\x00'"
32,"Vendor: Fotografía Profesional (Servicio de fotografía digital para eventos.), Location: Heredia, Central, Labels: fotografía eventos, momentos importantes, calidad profesional, fotografía profesional, Category: Logística (Servicios de logística y transporte para eventos.), Service: Fotografía digital (Proveemos servicios de fotografía para eventos, capturando los momentos más importantes con calidad profesional.), Available: b'\x01', Vendor: Fotografía Profesional (Servicio de creación de álbumes fotográficos para eventos.), Location: Heredia, Central, Labels: fotografía eventos, momentos importantes, calidad profesional, fotografía profesional, Category: Logística (Servicios de logística y transporte para eventos.), Service: Álbumes fotográficos (Proveemos servicios de fotografía para eventos, capturando los momentos más importantes con calidad profesional.), Available: b'\x00'"
33,"Vendor: Música en Vivo (Servicio de banda en vivo para eventos.), Location: Cartago, Central, Labels: música eventos, en vivo, géneros variados, música en vivo, Category: Organización de eventos (Servicios de organización integral de eventos.), Service: Banda en vivo (Ofrecemos servicios de música en vivo para eventos, con una amplia variedad de géneros y estilos.), Available: b'\x01', Vendor: Música en Vivo (Servicio de DJ profesional para eventos.), Location: Cartago, Central, Labels: música eventos, en vivo, géneros variados, música en vivo, Category: Organización de eventos (Servicios de organización integral de eventos.), Service: DJ profesional (Ofrecemos servicios de música en vivo para eventos, con una amplia variedad de géneros y estilos.), Available: b'\x00'"
34,"Vendor: Iluminación Creativa (Servicio de iluminación LED para eventos.), Location: Alajuela, Central, Labels: iluminación eventos, efectos visuales, impresionantes, iluminación creativa, Category: Asesoría (Servicios de asesoría y consultoría para eventos.), Service: Iluminación LED (Proveemos servicios de iluminación para eventos, creando efectos visuales impresionantes.), Available: b'\x01', Vendor: Iluminación Creativa (Servicio de efectos especiales de iluminación para eventos.), Location: Alajuela, Central, Labels: iluminación eventos, efectos visuales, impresionantes, iluminación creativa, Category: Asesoría (Servicios de asesoría y consultoría para eventos.), Service: Efectos especiales (Proveemos servicios de iluminación para eventos, creando efectos visuales impresionantes.), Available: b'\x00'"
35,"Vendor: Sonido Profesional (Servicio de sonido envolvente para eventos.), Location: Puntarenas, Central, Labels: sonido eventos, calidad de audio, excepcional, sonido profesional, Category: Invitaciones (Servicios de diseño y envío de invitaciones para eventos.), Service: Sonido envolvente (Ofrecemos servicios de sonido para eventos, asegurando una calidad de audio excepcional.), Available: b'\x01', Vendor: Sonido Profesional (Servicio de alquiler de equipos de sonido para eventos.), Location: Puntarenas, Central, Labels: sonido eventos, calidad de audio, excepcional, sonido profesional, Category: Invitaciones (Servicios de diseño y envío de invitaciones para eventos.), Service: Alquiler de equipos de sonido (Ofrecemos servicios de sonido para eventos, asegurando una calidad de audio excepcional.), Available: b'\x00'"
36,"Vendor: Decoraciones Elegantes (Servicio de decoración temática para eventos, adaptando el diseño a la temática específica del evento.), Location: San José, Central, Labels: decoración eventos, ambientes únicos, memorables, decoraciones elegantes, Category: Recuerdos (Servicios de creación de recuerdos personalizados para eventos.), Service: Decoración temática (Ofrecemos servicios de decoración para eventos, creando ambientes únicos y memorables con una atención meticulosa a los detalles y un enfoque personalizado.), Available: b'\x01', Vendor: Decoraciones Elegantes (Servicio de decoración floral para eventos, utilizando flores frescas y arreglos personalizados.), Location: San José, Central, Labels: decoración eventos, ambientes únicos, memorables, decoraciones elegantes, Category: Recuerdos (Servicios de creación de recuerdos personalizados para eventos.), Service: Decoración floral (Ofrecemos servicios de decoración para eventos, creando ambientes únicos y memorables con una atención meticulosa a los detalles y un enfoque personalizado.), Available: b'\x00'"
37,"Vendor: Fotografía Profesional (Servicio de fotografía digital para eventos, capturando imágenes de alta resolución.), Location: Heredia, Central, Labels: fotografía eventos, momentos importantes, calidad profesional, fotografía profesional, Category: Pasteles (Servicios de pastelería y repostería para eventos.), Service: Fotografía digital (Proveemos servicios de fotografía para eventos, capturando los momentos más importantes con calidad profesional y equipos de última generación.), Available: b'\x01', Vendor: Fotografía Profesional (Servicio de creación de álbumes fotográficos para eventos, diseñados a medida.), Location: Heredia, Central, Labels: fotografía eventos, momentos importantes, calidad profesional, fotografía profesional, Category: Pasteles (Servicios de pastelería y repostería para eventos.), Service: Álbumes fotográficos (Proveemos servicios de fotografía para eventos, capturando los momentos más importantes con calidad profesional y equipos de última generación.), Available: b'\x00'"
38,"Vendor: Música en Vivo (Servicio de banda en vivo para eventos, con músicos profesionales y repertorio variado.), Location: Cartago, Central, Labels: música eventos, en vivo, géneros variados, música en vivo, Category: Planificación (Servicios de planificación y organización de eventos.), Service: Banda en vivo (Ofrecemos servicios de música en vivo para eventos, con una amplia variedad de géneros y estilos, adaptándonos a las preferencias de cada cliente.), Available: b'\x01', Vendor: Música en Vivo (Servicio de DJ profesional para eventos, con equipo de sonido de alta calidad.), Location: Cartago, Central, Labels: música eventos, en vivo, géneros variados, música en vivo, Category: Planificación (Servicios de planificación y organización de eventos.), Service: DJ profesional (Ofrecemos servicios de música en vivo para eventos, con una amplia variedad de géneros y estilos, adaptándonos a las preferencias de cada cliente.), Available: b'\x00'"
39,"Vendor: Iluminación Creativa (Servicio de iluminación LED para eventos, creando ambientes modernos y dinámicos.), Location: Alajuela, Central, Labels: iluminación eventos, efectos visuales, impresionantes, iluminación creativa, Category: Coordinación (Servicios de coordinación y gestión de eventos.), Service: Iluminación LED (Proveemos servicios de iluminación para eventos, creando efectos visuales impresionantes que transforman cualquier espacio en una experiencia visual única.), Available: b'\x01', Vendor: Iluminación Creativa (Servicio de efectos especiales de iluminación para eventos, incluyendo láseres y luces estroboscópicas.), Location: Alajuela, Central, Labels: iluminación eventos, efectos visuales, impresionantes, iluminación creativa, Category: Coordinación (Servicios de coordinación y gestión de eventos.), Service: Efectos especiales (Proveemos servicios de iluminación para eventos, creando efectos visuales impresionantes que transforman cualquier espacio en una experiencia visual única.), Available: b'\x00'"
4,"Vendor: Banquetes Deliciosos (Servicio de catering para eventos con menús personalizados.), Location: Alajuela, Central, Labels: catering eventos, banquetes personalizados, menús gourmet, servicio de catering, banquetes deliciosos, Category: Catering (Servicios de catering y banquetes para eventos.), Service: Catering para eventos (Ofrecemos servicios de catering y banquetes para todo tipo de eventos. Nuestro equipo de chefs profesionales se encarga de preparar menús personalizados con ingredientes frescos y de alta calidad.), Available: b'\x01', Vendor: Banquetes Deliciosos (Servicio de banquetes gourmet para eventos.), Location: Alajuela, Central, Labels: catering eventos, banquetes personalizados, menús gourmet, servicio de catering, banquetes deliciosos, Category: Catering (Servicios de catering y banquetes para eventos.), Service: Banquetes gourmet (Ofrecemos servicios de catering y banquetes para todo tipo de eventos. Nuestro equipo de chefs profesionales se encarga de preparar menús personalizados con ingredientes frescos y de alta calidad.), Available: b'\x01', Vendor: Banquetes Deliciosos (Servicio de catering para eventos con menús personalizados.), Location: Alajuela, Central, Labels: catering eventos, banquetes personalizados, menús gourmet, servicio de catering, banquetes deliciosos, Category: Catering (Servicios de catering y banquetes para eventos.), Service: Catering para eventos (Ofrecemos servicios de catering y banquetes para todo tipo de eventos. Nuestro equipo de chefs profesionales se encarga de preparar menús personalizados con ingredientes frescos y de alta calidad.), Available: b'\x01', Vendor: Banquetes Deliciosos (Servicio de banquetes gourmet para eventos.), Location: Alajuela, Central, Labels: catering eventos, banquetes personalizados, menús gourmet, servicio de catering, banquetes deliciosos, Category: Catering (Servicios de catering y banquetes para eventos.), Service: Banquetes gourmet (Ofrecemos servicios de catering y banquetes para todo tipo de eventos. Nuestro equipo de chefs profesionales se encarga de preparar menús personalizados con ingredientes frescos y de alta calidad.), Available: b'\x01'"
40,"Vendor: Sonido Profesional (Servicio de sonido envolvente para eventos, proporcionando una experiencia auditiva inmersiva.), Location: Puntarenas, Central, Labels: sonido eventos, calidad de audio, excepcional, sonido profesional, Category: Publicidad (Servicios de publicidad y promoción para eventos.), Service: Sonido envolvente (Ofrecemos servicios de sonido para eventos, asegurando una calidad de audio excepcional con equipos de alta fidelidad y técnicos experimentados.), Available: b'\x01', Vendor: Sonido Profesional (Servicio de alquiler de equipos de sonido para eventos, con opciones de alta fidelidad.), Location: Puntarenas, Central, Labels: sonido eventos, calidad de audio, excepcional, sonido profesional, Category: Publicidad (Servicios de publicidad y promoción para eventos.), Service: Alquiler de equipos de sonido (Ofrecemos servicios de sonido para eventos, asegurando una calidad de audio excepcional con equipos de alta fidelidad y técnicos experimentados.), Available: b'\x00'"
41,"Vendor: Catering Gourmet (Servicio de catering gourmet para bodas, con menús personalizados y presentación impecable.), Location: San José, Central, Labels: catering eventos, gourmet, menús personalizados, presentación impecable, Category: Marketing (Servicios de marketing y estrategias para eventos.), Service: Catering para bodas (Ofrecemos servicios de catering gourmet para eventos, con menús personalizados y una presentación impecable.), Available: b'\x01', Vendor: Catering Gourmet (Servicio de catering gourmet para eventos corporativos, adaptado a las necesidades de la empresa.), Location: San José, Central, Labels: catering eventos, gourmet, menús personalizados, presentación impecable, Category: Marketing (Servicios de marketing y estrategias para eventos.), Service: Catering corporativo (Ofrecemos servicios de catering gourmet para eventos, con menús personalizados y una presentación impecable.), Available: b'\x00'"
42,"Vendor: Seguridad VIP (Servicio de seguridad personal para eventos VIP, con guardias altamente capacitados.), Location: Heredia, Central, Labels: seguridad eventos, VIP, personal capacitado, tecnología de punta, Category: Diseño gráfico (Servicios de diseño gráfico para eventos.), Service: Seguridad personal (Proveemos servicios de seguridad VIP para eventos, con personal altamente capacitado y tecnología de punta.), Available: b'\x01', Vendor: Seguridad VIP (Servicio de monitoreo de seguridad para eventos, con tecnología de punta.), Location: Heredia, Central, Labels: seguridad eventos, VIP, personal capacitado, tecnología de punta, Category: Diseño gráfico (Servicios de diseño gráfico para eventos.), Service: Monitoreo de seguridad (Proveemos servicios de seguridad VIP para eventos, con personal altamente capacitado y tecnología de punta.), Available: b'\x00'"
43,"Vendor: Transporte Ejecutivo (Servicio de transporte de lujo para eventos, con vehículos de alta gama.), Location: Cartago, Central, Labels: transporte eventos, ejecutivo, vehículos de lujo, conductores profesionales, Category: Redes sociales (Servicios de gestión de redes sociales para eventos.), Service: Transporte de lujo (Ofrecemos servicios de transporte ejecutivo para eventos, con vehículos de lujo y conductores profesionales.), Available: b'\x01', Vendor: Transporte Ejecutivo (Servicio de transporte ejecutivo para eventos, con conductores profesionales.), Location: Cartago, Central, Labels: transporte eventos, ejecutivo, vehículos de lujo, conductores profesionales, Category: Redes sociales (Servicios de gestión de redes sociales para eventos.), Service: Transporte ejecutivo (Ofrecemos servicios de transporte ejecutivo para eventos, con vehículos de lujo y conductores profesionales.), Available: b'\x00'"
44,"Vendor: Animación Infantil (Servicio de animación infantil con payasos para eventos, garantizando diversión y seguridad.), Location: Alajuela, Central, Labels: animación eventos, infantil, actividades divertidas, seguras, animación infantil, Category: Animación (Servicios de animación y entretenimiento para eventos.), Service: Animación con payasos (Proveemos servicios de animación infantil para eventos, con actividades divertidas y seguras para los más pequeños.), Available: b'\x01', Vendor: Animación Infantil (Servicio de juegos inflables para eventos infantiles, con supervisión constante.), Location: Alajuela, Central, Labels: animación eventos, infantil, actividades divertidas, seguras, animación infantil, Category: Animación (Servicios de animación y entretenimiento para eventos.), Service: Juegos inflables (Proveemos servicios de animación infantil para eventos, con actividades divertidas y seguras para los más pequeños.), Available: b'\x00'"
45,"Vendor: Flores Exóticas (Servicio de arreglos florales exóticos para eventos, con flores frescas y diseños únicos.), Location: Puntarenas, Central, Labels: flores eventos, exóticos, frescas, diseños únicos, flores exóticas, Category: Flores (Servicios de arreglos florales para eventos.), Service: Arreglos florales (Ofrecemos servicios de arreglos florales exóticos para eventos, con flores frescas y diseños únicos.), Available: b'\x01', Vendor: Flores Exóticas (Servicio de decoración floral para eventos, utilizando flores exóticas y frescas.), Location: Puntarenas, Central, Labels: flores eventos, exóticos, frescas, diseños únicos, flores exóticas, Category: Flores (Servicios de arreglos florales para eventos.), Service: Decoración floral (Ofrecemos servicios de arreglos florales exóticos para eventos, con flores frescas y diseños únicos.), Available: b'\x00'"
46,"Vendor: Eventos Corporativos (Servicio de organización de conferencias para eventos corporativos.), Location: San José, Central, Labels: eventos corporativos, organización, profesional, memorable, Category: Eventos Corporativos (Servicios de organización de eventos corporativos, asegurando una experiencia profesional y memorable.), Service: Organización de conferencias (Ofrecemos servicios de organización de eventos corporativos, asegurando una experiencia profesional y memorable.), Available: b'\x01', Vendor: Eventos Corporativos (Servicio de planificación de reuniones para eventos corporativos.), Location: San José, Central, Labels: eventos corporativos, organización, profesional, memorable, Category: Eventos Corporativos (Servicios de organización de eventos corporativos, asegurando una experiencia profesional y memorable.), Service: Planificación de reuniones (Ofrecemos servicios de organización de eventos corporativos, asegurando una experiencia profesional y memorable.), Available: b'\x00'"
47,"Vendor: Catering Vegano (Servicio de catering vegano gourmet para eventos, con opciones saludables y deliciosas.), Location: Heredia, Central, Labels: catering vegano, eventos, menús saludables, deliciosos, Category: Catering Vegano (Servicios de catering vegano para eventos, con menús saludables y deliciosos.), Service: Catering vegano gourmet (Proveemos servicios de catering vegano para eventos, con menús saludables y deliciosos.), Available: b'\x01', Vendor: Catering Vegano (Servicio de catering vegano casual para eventos, con menús frescos y ligeros.), Location: Heredia, Central, Labels: catering vegano, eventos, menús saludables, deliciosos, Category: Catering Vegano (Servicios de catering vegano para eventos, con menús saludables y deliciosos.), Service: Catering vegano casual (Proveemos servicios de catering vegano para eventos, con menús saludables y deliciosos.), Available: b'\x00'"
48,"Vendor: Fotografía Aérea (Servicio de fotografía aérea con drones para eventos, capturando vistas panorámicas.), Location: Cartago, Central, Labels: fotografía aérea, eventos, vistas impresionantes, desde el aire, Category: Fotografía Aérea (Servicios de fotografía aérea para eventos, capturando vistas impresionantes desde el aire.), Service: Fotografía aérea con drones (Ofrecemos servicios de fotografía aérea para eventos, capturando vistas impresionantes desde el aire.), Available: b'\x01', Vendor: Fotografía Aérea (Servicio de fotografía aérea tradicional para eventos, con equipos de alta calidad.), Location: Cartago, Central, Labels: fotografía aérea, eventos, vistas impresionantes, desde el aire, Category: Fotografía Aérea (Servicios de fotografía aérea para eventos, capturando vistas impresionantes desde el aire.), Service: Fotografía aérea tradicional (Ofrecemos servicios de fotografía aérea para eventos, capturando vistas impresionantes desde el aire.), Available: b'\x00'"
49,"Vendor: Animación 3D (Servicio de animación 3D interactiva para eventos, creando experiencias inmersivas.), Location: Alajuela, Central, Labels: animación 3D, eventos, experiencias visuales, únicas, atractivas, Category: Animación 3D (Servicios de animación 3D para eventos, creando experiencias visuales únicas y atractivas.), Service: Animación 3D interactiva (Proveemos servicios de animación 3D para eventos, creando experiencias visuales únicas y atractivas.), Available: b'\x01', Vendor: Animación 3D (Servicio de animación 3D promocional para eventos, con gráficos de alta calidad.), Location: Alajuela, Central, Labels: animación 3D, eventos, experiencias visuales, únicas, atractivas, Category: Animación 3D (Servicios de animación 3D para eventos, creando experiencias visuales únicas y atractivas.), Service: Animación 3D promocional (Proveemos servicios de animación 3D para eventos, creando experiencias visuales únicas y atractivas.), Available: b'\x00'"
5,"Vendor: Seguridad Total (Servicio de seguridad para eventos de cualquier tamaño.), Location: Puntarenas, Central, Labels: seguridad eventos, vigilancia profesional, personal capacitado, seguridad total, eventos seguros, Category: Seguridad (Servicios de seguridad y vigilancia para eventos.), Service: Seguridad para eventos (Proveemos servicios de seguridad y vigilancia para eventos de cualquier tamaño. Nuestro personal está altamente capacitado para garantizar la seguridad y tranquilidad de los asistentes.), Available: b'\x01', Vendor: Seguridad Total (Servicio de vigilancia profesional para eventos.), Location: Puntarenas, Central, Labels: seguridad eventos, vigilancia profesional, personal capacitado, seguridad total, eventos seguros, Category: Seguridad (Servicios de seguridad y vigilancia para eventos.), Service: Vigilancia profesional (Proveemos servicios de seguridad y vigilancia para eventos de cualquier tamaño. Nuestro personal está altamente capacitado para garantizar la seguridad y tranquilidad de los asistentes.), Available: b'\x01', Vendor: Seguridad Total (Servicio de seguridad para eventos de cualquier tamaño.), Location: Puntarenas, Central, Labels: seguridad eventos, vigilancia profesional, personal capacitado, seguridad total, eventos seguros, Category: Seguridad (Servicios de seguridad y vigilancia para eventos.), Service: Seguridad para eventos (Proveemos servicios de seguridad y vigilancia para eventos de cualquier tamaño. Nuestro personal está altamente capacitado para garantizar la seguridad y tranquilidad de los asistentes.), Available: b'\x01', Vendor: Seguridad Total (Servicio de vigilancia profesional para eventos.), Location: Puntarenas, Central, Labels: seguridad eventos, vigilancia profesional, personal capacitado, seguridad total, eventos seguros, Category: Seguridad (Servicios de seguridad y vigilancia para eventos.), Service: Vigilancia profesional (Proveemos servicios de seguridad y vigilancia para eventos de cualquier tamaño. Nuestro personal está altamente capacitado para garantizar la seguridad y tranquilidad de los asistentes.), Available: b'\x01'"
50,"Vendor: Decoración Temática (Servicio de decoración temática infantil para eventos, con diseños creativos y coloridos.), Location: Puntarenas, Central, Labels: decoración temática, eventos, transformación, temática elegida, Category: Decoración Temática (Servicios de decoración temática para eventos, transformando cualquier espacio según la temática elegida.), Service: Decoración temática infantil (Ofrecemos servicios de decoración temática para eventos, transformando cualquier espacio según la temática elegida.), Available: b'\x01', Vendor: Decoración Temática (Servicio de decoración temática corporativa para eventos, con un enfoque profesional y elegante.), Location: Puntarenas, Central, Labels: decoración temática, eventos, transformación, temática elegida, Category: Decoración Temática (Servicios de decoración temática para eventos, transformando cualquier espacio según la temática elegida.), Service: Decoración temática corporativa (Ofrecemos servicios de decoración temática para eventos, transformando cualquier espacio según la temática elegida.), Available: b'\x00'"
51,"Vendor: Limpieza Total (Servicio de limpieza profunda para eventos, asegurando un ambiente impecable.), Location: San José, Central, Labels: limpieza, eventos, ambiente limpio, ordenado, Category: Limpieza (Servicios de limpieza para eventos, asegurando un ambiente limpio y ordenado.), Service: Limpieza profunda (Ofrecemos servicios de limpieza para eventos, asegurando un ambiente limpio y ordenado.), Available: b'\x01', Vendor: Limpieza Total (Servicio de limpieza superficial para eventos, manteniendo el orden y la limpieza.), Location: San José, Central, Labels: limpieza, eventos, ambiente limpio, ordenado, Category: Limpieza (Servicios de limpieza para eventos, asegurando un ambiente limpio y ordenado.), Service: Limpieza superficial (Ofrecemos servicios de limpieza para eventos, asegurando un ambiente limpio y ordenado.), Available: b'\x00'"
52,"Vendor: Catering Delicioso (Servicio de catering gourmet para eventos, con menús exclusivos y de alta calidad.), Location: Heredia, Central, Labels: catering, eventos, menús variados, deliciosos, Category: Catering (Servicios de catering para eventos, ofreciendo menús variados y deliciosos.), Service: Catering gourmet (Proveemos servicios de catering para eventos, ofreciendo menús variados y deliciosos.), Available: b'\x01', Vendor: Catering Delicioso (Servicio de catering casual para eventos, con opciones frescas y ligeras.), Location: Heredia, Central, Labels: catering, eventos, menús variados, deliciosos, Category: Catering (Servicios de catering para eventos, ofreciendo menús variados y deliciosos.), Service: Catering casual (Proveemos servicios de catering para eventos, ofreciendo menús variados y deliciosos.), Available: b'\x00'"
53,"Vendor: Seguridad Integral (Servicio de seguridad privada para eventos, con personal altamente capacitado.), Location: Cartago, Central, Labels: seguridad, eventos, protección, orden, Category: Seguridad (Servicios de seguridad para eventos, garantizando la protección y el orden.), Service: Seguridad privada (Ofrecemos servicios de seguridad para eventos, garantizando la protección y el orden.), Available: b'\x01', Vendor: Seguridad Integral (Servicio de seguridad pública para eventos, coordinando con autoridades locales.), Location: Cartago, Central, Labels: seguridad, eventos, protección, orden, Category: Seguridad (Servicios de seguridad para eventos, garantizando la protección y el orden.), Service: Seguridad pública (Ofrecemos servicios de seguridad para eventos, garantizando la protección y el orden.), Available: b'\x00'"
54,"Vendor: Transporte Rápido (Servicio de transporte VIP para eventos, con vehículos de lujo y conductores profesionales.), Location: Alajuela, Central, Labels: transporte, eventos, traslado, invitados, materiales, Category: Transporte (Servicios de transporte para eventos, facilitando el traslado de invitados y materiales.), Service: Transporte VIP (Proveemos servicios de transporte para eventos, facilitando el traslado de invitados y materiales.), Available: b'\x01', Vendor: Transporte Rápido (Servicio de transporte estándar para eventos, con vehículos cómodos y seguros.), Location: Alajuela, Central, Labels: transporte, eventos, traslado, invitados, materiales, Category: Transporte (Servicios de transporte para eventos, facilitando el traslado de invitados y materiales.), Service: Transporte estándar (Proveemos servicios de transporte para eventos, facilitando el traslado de invitados y materiales.), Available: b'\x00'"
55,"Vendor: Decoración Creativa (Servicio de decoración floral para eventos, con arreglos creativos y coloridos.), Location: Puntarenas, Central, Labels: decoración, eventos, ambientes únicos, atractivos, Category: Decoración (Servicios de decoración para eventos, creando ambientes únicos y atractivos.), Service: Decoración floral (Ofrecemos servicios de decoración para eventos, creando ambientes únicos y atractivos.), Available: b'\x01', Vendor: Decoración Creativa (Servicio de decoración temática para eventos, transformando cualquier espacio.), Location: Puntarenas, Central, Labels: decoración, eventos, ambientes únicos, atractivos, Category: Decoración (Servicios de decoración para eventos, creando ambientes únicos y atractivos.), Service: Decoración temática (Ofrecemos servicios de decoración para eventos, creando ambientes únicos y atractivos.), Available: b'\x00'"
56,"Vendor: Música Festiva (Servicio de música en vivo para eventos, con bandas y artistas profesionales.), Location: San José, Central, Labels: música, eventos, entretenimiento musical, alta calidad, Category: Música (Servicios de música para eventos, proporcionando entretenimiento musical de alta calidad.), Service: Música en vivo (Ofrecemos servicios de música para eventos, proporcionando entretenimiento musical de alta calidad.), Available: b'\x01', Vendor: Música Festiva (Servicio de DJ profesional para eventos, con mezclas personalizadas.), Location: San José, Central, Labels: música, eventos, entretenimiento musical, alta calidad, Category: Música (Servicios de música para eventos, proporcionando entretenimiento musical de alta calidad.), Service: DJ profesional (Ofrecemos servicios de música para eventos, proporcionando entretenimiento musical de alta calidad.), Available: b'\x00'"
57,"Vendor: Iluminación Espectacular (Servicio de iluminación LED para eventos, creando efectos visuales impresionantes.), Location: Heredia, Central, Labels: iluminación, eventos, ambientes visualmente impactantes, Category: Iluminación (Servicios de iluminación para eventos, creando ambientes visualmente impactantes.), Service: Iluminación LED (Proveemos servicios de iluminación para eventos, creando ambientes visualmente impactantes.), Available: b'\x01', Vendor: Iluminación Espectacular (Servicio de iluminación ambiental para eventos, con luces suaves y cálidas.), Location: Heredia, Central, Labels: iluminación, eventos, ambientes visualmente impactantes, Category: Iluminación (Servicios de iluminación para eventos, creando ambientes visualmente impactantes.), Service: Iluminación ambiental (Proveemos servicios de iluminación para eventos, creando ambientes visualmente impactantes.), Available: b'\x00'"
58,"Vendor: Sonido Perfecto (Servicio de sonido surround para eventos, con equipos de alta calidad.), Location: Cartago, Central, Labels: sonido, eventos, experiencia auditiva, excepcional, Category: Sonido (Servicios de sonido para eventos, asegurando una experiencia auditiva excepcional.), Service: Sonido surround (Ofrecemos servicios de sonido para eventos, asegurando una experiencia auditiva excepcional.), Available: b'\x01', Vendor: Sonido Perfecto (Servicio de sonido básico para eventos, con equipos estándar.), Location: Cartago, Central, Labels: sonido, eventos, experiencia auditiva, excepcional, Category: Sonido (Servicios de sonido para eventos, asegurando una experiencia auditiva excepcional.), Service: Sonido básico (Ofrecemos servicios de sonido para eventos, asegurando una experiencia auditiva excepcional.), Available: b'\x00'"
59,"Vendor: Flores Creativas (Servicio de arreglos florales para eventos, con diseños creativos y coloridos.), Location: Alajuela, Central, Labels: flores, eventos, arreglos florales, creativos, coloridos, Category: Flores (Servicios de flores para eventos, ofreciendo arreglos florales creativos y coloridos.), Service: Arreglos florales (Proveemos servicios de flores para eventos, ofreciendo arreglos florales creativos y coloridos.), Available: b'\x01', Vendor: Flores Creativas (Servicio de decoración floral para eventos, con flores frescas y vibrantes.), Location: Alajuela, Central, Labels: flores, eventos, arreglos florales, creativos, coloridos, Category: Flores (Servicios de flores para eventos, ofreciendo arreglos florales creativos y coloridos.), Service: Decoración floral (Proveemos servicios de flores para eventos, ofreciendo arreglos florales creativos y coloridos.), Available: b'\x00'"
6,"Vendor: Transporte Rápido (Servicio de transporte de invitados para eventos.), Location: Limón, Central, Labels: transporte eventos, logística, traslados seguros, flota moderna, transporte rápido, Category: Transporte (Servicios de transporte y logística para eventos.), Service: Transporte de invitados (Ofrecemos servicios de transporte y logística para eventos. Contamos con una flota moderna y conductores experimentados para asegurar la puntualidad y seguridad de los traslados.), Available: b'\x01', Vendor: Transporte Rápido (Servicio de logística de eventos.), Location: Limón, Central, Labels: transporte eventos, logística, traslados seguros, flota moderna, transporte rápido, Category: Transporte (Servicios de transporte y logística para eventos.), Service: Logística de eventos (Ofrecemos servicios de transporte y logística para eventos. Contamos con una flota moderna y conductores experimentados para asegurar la puntualidad y seguridad de los traslados.), Available: b'\x01', Vendor: Transporte Rápido (Servicio de transporte de invitados para eventos.), Location: Limón, Central, Labels: transporte eventos, logística, traslados seguros, flota moderna, transporte rápido, Category: Transporte (Servicios de transporte y logística para eventos.), Service: Transporte de invitados (Ofrecemos servicios de transporte y logística para eventos. Contamos con una flota moderna y conductores experimentados para asegurar la puntualidad y seguridad de los traslados.), Available: b'\x01', Vendor: Transporte Rápido (Servicio de logística de eventos.), Location: Limón, Central, Labels: transporte eventos, logística, traslados seguros, flota moderna, transporte rápido, Category: Transporte (Servicios de transporte y logística para eventos.), Service: Logística de eventos (Ofrecemos servicios de transporte y logística para eventos. Contamos con una flota moderna y conductores experimentados para asegurar la puntualidad y seguridad de los traslados.), Available: b'\x00'"
60,"Vendor: Bebidas Refrescantes (Servicio de bebidas alcohólicas para eventos, con una variedad de opciones.), Location: Puntarenas, Central, Labels: bebidas, eventos, opciones refrescantes, Category: Bebidas (Servicios de bebidas para eventos, proporcionando una variedad de opciones refrescantes.), Service: Bebidas alcohólicas (Ofrecemos servicios de bebidas para eventos, proporcionando una variedad de opciones refrescantes.), Available: b'\x01', Vendor: Bebidas Refrescantes (Servicio de bebidas no alcohólicas para eventos, con opciones refrescantes.), Location: Puntarenas, Central, Labels: bebidas, eventos, opciones refrescantes, Category: Bebidas (Servicios de bebidas para eventos, proporcionando una variedad de opciones refrescantes.), Service: Bebidas no alcohólicas (Ofrecemos servicios de bebidas para eventos, proporcionando una variedad de opciones refrescantes.), Available: b'\x00'"
61,"Vendor: Música Festiva (Servicio de música en vivo para eventos, con bandas y artistas profesionales.), Location: San José, Central, Labels: música, eventos, entretenimiento musical, alta calidad, Category: Flores (Servicios de flores para eventos, ofreciendo arreglos florales creativos y coloridos.), Service: Música en vivo (Ofrecemos servicios de música para eventos, proporcionando entretenimiento musical de alta calidad.), Available: b'\x01', Vendor: Música Festiva (Servicio de DJ profesional para eventos, con mezclas personalizadas.), Location: San José, Central, Labels: música, eventos, entretenimiento musical, alta calidad, Category: Flores (Servicios de flores para eventos, ofreciendo arreglos florales creativos y coloridos.), Service: DJ profesional (Ofrecemos servicios de música para eventos, proporcionando entretenimiento musical de alta calidad.), Available: b'\x00'"
62,"Vendor: Iluminación Espectacular (Servicio de iluminación LED para eventos, creando efectos visuales impresionantes.), Location: Heredia, Central, Labels: iluminación, eventos, ambientes visualmente impactantes, Category: Bebidas (Servicios de bebidas para eventos, proporcionando una variedad de opciones refrescantes.), Service: Iluminación LED (Proveemos servicios de iluminación para eventos, creando ambientes visualmente impactantes.), Available: b'\x01', Vendor: Iluminación Espectacular (Servicio de iluminación ambiental para eventos, con luces suaves y cálidas.), Location: Heredia, Central, Labels: iluminación, eventos, ambientes visualmente impactantes, Category: Bebidas (Servicios de bebidas para eventos, proporcionando una variedad de opciones refrescantes.), Service: Iluminación ambiental (Proveemos servicios de iluminación para eventos, creando ambientes visualmente impactantes.), Available: b'\x00'"
63,"Vendor: Sonido Perfecto (Servicio de sonido surround para eventos, con equipos de alta calidad.), Location: Cartago, Central, Labels: sonido, eventos, experiencia auditiva, excepcional, Category: Sonido (Servicios de sonido para eventos, asegurando una experiencia auditiva excepcional.), Service: Sonido surround (Ofrecemos servicios de sonido para eventos, asegurando una experiencia auditiva excepcional.), Available: b'\x01', Vendor: Sonido Perfecto (Servicio de sonido básico para eventos, con equipos estándar.), Location: Cartago, Central, Labels: sonido, eventos, experiencia auditiva, excepcional, Category: Sonido (Servicios de sonido para eventos, asegurando una experiencia auditiva excepcional.), Service: Sonido básico (Ofrecemos servicios de sonido para eventos, asegurando una experiencia auditiva excepcional.), Available: b'\x00'"
64,"Vendor: Flores Creativas (Servicio de arreglos florales para eventos, con diseños creativos y coloridos.), Location: Alajuela, Central, Labels: flores, eventos, arreglos florales, creativos, coloridos, Category: Flores (Servicios de flores para eventos, ofreciendo arreglos florales creativos y coloridos.), Service: Arreglos florales (Proveemos servicios de flores para eventos, ofreciendo arreglos florales creativos y coloridos.), Available: b'\x01', Vendor: Flores Creativas (Servicio de decoración floral para eventos, con flores frescas y vibrantes.), Location: Alajuela, Central, Labels: flores, eventos, arreglos florales, creativos, coloridos, Category: Flores (Servicios de flores para eventos, ofreciendo arreglos florales creativos y coloridos.), Service: Decoración floral (Proveemos servicios de flores para eventos, ofreciendo arreglos florales creativos y coloridos.), Available: b'\x00'"
65,"Vendor: Bebidas Refrescantes (Servicio de bebidas alcohólicas para eventos, con una variedad de opciones.), Location: Puntarenas, Central, Labels: bebidas, eventos, opciones refrescantes, Category: Bebidas (Servicios de bebidas para eventos, proporcionando una variedad de opciones refrescantes.), Service: Bebidas alcohólicas (Ofrecemos servicios de bebidas para eventos, proporcionando una variedad de opciones refrescantes.), Available: b'\x01', Vendor: Bebidas Refrescantes (Servicio de bebidas no alcohólicas para eventos, con opciones refrescantes.), Location: Puntarenas, Central, Labels: bebidas, eventos, opciones refrescantes, Category: Bebidas (Servicios de bebidas para eventos, proporcionando una variedad de opciones refrescantes.), Service: Bebidas no alcohólicas (Ofrecemos servicios de bebidas para eventos, proporcionando una variedad de opciones refrescantes.), Available: b'\x00'"
7,"Vendor: Iluminación Brillante (Servicio de iluminación ambiental para eventos.), Location: Guanacaste, Liberia, Labels: iluminación eventos, ambientes únicos, tecnología de punta, iluminación brillante, soluciones personalizadas, Category: Iluminación (Servicios de iluminación para eventos.), Service: Iluminación ambiental (Especialistas en servicios de iluminación para eventos. Ofrecemos soluciones personalizadas para crear ambientes únicos y memorables, utilizando tecnología de punta.), Available: b'\x01', Vendor: Iluminación Brillante (Servicio de iluminación escénica para eventos.), Location: Guanacaste, Liberia, Labels: iluminación eventos, ambientes únicos, tecnología de punta, iluminación brillante, soluciones personalizadas, Category: Iluminación (Servicios de iluminación para eventos.), Service: Iluminación escénica (Especialistas en servicios de iluminación para eventos. Ofrecemos soluciones personalizadas para crear ambientes únicos y memorables, utilizando tecnología de punta.), Available: b'\x01', Vendor: Iluminación Brillante (Servicio de iluminación ambiental para eventos.), Location: Guanacaste, Liberia, Labels: iluminación eventos, ambientes únicos, tecnología de punta, iluminación brillante, soluciones personalizadas, Category: Iluminación (Servicios de iluminación para eventos.), Service: Iluminación ambiental (Especialistas en servicios de iluminación para eventos. Ofrecemos soluciones personalizadas para crear ambientes únicos y memorables, utilizando tecnología de punta.), Available: b'\x00', Vendor: Iluminación Brillante (Servicio de iluminación escénica para eventos.), Location: Guanacaste, Liberia, Labels: iluminación eventos, ambientes únicos, tecnología de punta, iluminación brillante, soluciones personalizadas, Category: Iluminación (Servicios de iluminación para eventos.), Service: Iluminación escénica (Especialistas en servicios de iluminación para eventos. Ofrecemos soluciones personalizadas para crear ambientes únicos y memorables, utilizando tecnología de punta.), Available: b'\x00'"
8,"Vendor: Sonido Perfecto (Servicio de sonido para eventos.), Location: San José, Central, Labels: sonido eventos, audio profesional, calidad excepcional, sonido perfecto, equipo técnico, Category: Sonido (Servicios de sonido y audio para eventos.), Service: Sonido para eventos (Proveemos servicios de sonido y audio para eventos. Nuestro equipo técnico se encarga de garantizar una calidad de sonido excepcional, adaptada a las necesidades de cada evento.), Available: b'\x01', Vendor: Sonido Perfecto (Servicio de alquiler de equipo de sonido para eventos.), Location: San José, Central, Labels: sonido eventos, audio profesional, calidad excepcional, sonido perfecto, equipo técnico, Category: Sonido (Servicios de sonido y audio para eventos.), Service: Alquiler de equipo de sonido (Proveemos servicios de sonido y audio para eventos. Nuestro equipo técnico se encarga de garantizar una calidad de sonido excepcional, adaptada a las necesidades de cada evento.), Available: b'\x01', Vendor: Sonido Perfecto (Servicio de sonido para eventos.), Location: San José, Central, Labels: sonido eventos, audio profesional, calidad excepcional, sonido perfecto, equipo técnico, Category: Sonido (Servicios de sonido y audio para eventos.), Service: Sonido para eventos (Proveemos servicios de sonido y audio para eventos. Nuestro equipo técnico se encarga de garantizar una calidad de sonido excepcional, adaptada a las necesidades de cada evento.), Available: b'\x00', Vendor: Sonido Perfecto (Servicio de alquiler de equipo de sonido para eventos.), Location: San José, Central, Labels: sonido eventos, audio profesional, calidad excepcional, sonido perfecto, equipo técnico, Category: Sonido (Servicios de sonido y audio para eventos.), Service: Alquiler de equipo de sonido (Proveemos servicios de sonido y audio para eventos. Nuestro equipo técnico se encarga de garantizar una calidad de sonido excepcional, adaptada a las necesidades de cada evento.), Available: b'\x00'"
9,"Vendor: Flores Hermosas (Servicio de arreglos florales personalizados para eventos.), Location: Heredia, Central, Labels: arreglos florales, flores frescas, diseños personalizados, flores hermosas, eventos florales, Category: Flores (Servicios de arreglos florales para eventos.), Service: Arreglos florales personalizados (Ofrecemos servicios de arreglos florales para eventos. Nuestros diseños son personalizados y utilizamos flores frescas de la mejor calidad.), Available: b'\x00', Vendor: Flores Hermosas (Servicio de decoración floral para eventos.), Location: Heredia, Central, Labels: arreglos florales, flores frescas, diseños personalizados, flores hermosas, eventos florales, Category: Flores (Servicios de arreglos florales para eventos.), Service: Decoración floral (Ofrecemos servicios de arreglos florales para eventos. Nuestros diseños son personalizados y utilizamos flores frescas de la mejor calidad.), Available: b'\x00'"
